,Starters,GmSc,MP,USG%,ORtg,DRtg
0,DeMar DeRozan,13.8,32:53,27.3,104.0,127
1,Nikola Vučević,12.9,31:57,16.4,96.0,114
2,Coby White,9.6,30:35,22.9,111.0,132
3,Patrick Williams,7.9,30:02,14.0,108.0,126
4,Zach LaVine,4.5,24:43,38.6,81.0,132
5,Torrey Craig,11.0,21:41,13.6,155.0,132
6,Alex Caruso,6.2,19:37,14.8,103.0,121
7,Andre Drummond,7.4,15:58,13.2,133.0,125
8,Jevon Carter,2.3,15:56,10.6,101.0,133
9,Ayo Dosunmu,6.4,9:18,27.2,119.0,122
10,Julian Phillips,0.0,3:40,0.0,0.0,134
11,Dalen Terry,-0.1,3:40,23.0,31.0,126
