,Starters,GmSc,MP,USG%,ORtg,DRtg
0,Cade Cunningham,4.8,35:27,27.9,78.0,127
1,Isaiah Stewart,7.3,30:50,15.7,100.0,124
2,Ausar Thompson,13.6,30:36,25.0,104.0,116
3,Killian Hayes,9.1,27:22,19.2,104.0,119
4,Jalen Duren,4.3,23:19,21.8,82.0,120
5,Marvin Bagley III,12.9,24:01,12.8,188.0,126
6,Alec Burks,11.0,21:06,17.4,149.0,127
7,Jaden Ivey,15.5,19:17,31.5,134.0,117
8,Marcus Sasser,6.6,14:02,11.6,155.0,118
9,Joe Harris,-1.8,10:22,7.9,29.0,128
10,Jared Rhoden,0.3,1:49,0.0,0.0,119
11,Stanley Umude,1.0,1:49,0.0,0.0,69
