,Starters,GmSc,MP,USG%,ORtg,DRtg
0,Dillon Brooks,24.4,38:21,20.7,152.0,95
1,Fred VanVleet,16.4,36:04,31.6,107.0,93
2,Jalen Green,3.3,35:31,20.3,77.0,101
3,Jabari Smith Jr.,17.7,34:30,19.5,139.0,94
4,Alperen Sengun,14.8,34:16,19.7,111.0,88
5,Jae'Sean Tate,8.7,20:44,13.0,170.0,97
6,Aaron Holiday,-2.9,19:00,11.8,17.0,99
7,Jock Landale,3.3,12:01,3.7,135.0,88
8,Jeff Green,1.2,5:25,23.9,76.0,87
9,Jermaine Samuels,0.9,1:22,61.8,124.0,100
10,Nate Hinton,0.0,1:22,0.0,0.0,102
11,Cam Whitmore,-0.7,1:22,32.9,0.0,83
