,Starters,GmSc,MP,USG%,ORtg,DRtg
0,Rudy Gobert,4.4,32:23,13.4,66,84
1,Anthony Edwards,14.5,31:50,32.9,104,92
2,Karl-Anthony Towns,16.7,30:50,32.7,110,88
3,Mike Conley,19.2,27:17,14.7,192,93
4,Jaden McDaniels,4.4,21:20,18.8,87,86
5,Kyle Anderson,8.7,25:17,10.6,155,97
6,Nickeil Alexander-Walker,2.2,20:43,12.9,93,98
7,Naz Reid,14.7,19:19,26.1,143,89
8,Shake Milton,1.5,17:58,12.1,56,88
9,Troy Brown Jr.,4.2,5:13,32.1,122,76
10,Jordan McLaughlin,-0.7,4:12,10.6,0,101
11,Josh Minott,1.7,3:38,12.2,200,101
