,Starters,GmSc,MP,USG%,ORtg,DRtg
0,Bruce Brown,20.3,27:12,18.3,172.0,113
1,Tyrese Haliburton,20.0,26:54,27.3,126.0,108
2,Bennedict Mathurin,14.2,25:50,28.0,111.0,108
3,Myles Turner,8.6,23:20,18.0,99.0,103
4,Obi Toppin,9.6,19:14,19.0,127.0,110
5,Buddy Hield,14.5,25:06,15.4,146.0,111
6,Aaron Nesmith,5.4,23:05,11.5,117.0,112
7,Andrew Nembhard,13.1,21:36,19.7,141.0,115
8,Jalen Smith,13.8,13:25,18.5,202.0,102
9,Isaiah Jackson,2.8,11:15,13.7,115.0,112
10,T.J. McConnell,7.1,6:00,12.9,211.0,83
11,Jordan Nwora,3.0,5:41,47.6,93.0,109
12,Ben Sheppard,-0.7,5:41,6.8,0.0,119
13,Jarace Walker,-1.3,5:41,34.0,21.0,89
