,Starters,GmSc,MP,USG%,ORtg,DRtg
0,Kyle Kuzma,19.8,25:13,37.6,112.0,117
1,Deni Avdija,18.9,23:34,30.1,127.0,116
2,Tyus Jones,5.0,22:07,12.9,97.0,123
3,Mike Muscala,3.7,21:59,18.3,80.0,118
4,Jordan Poole,6.2,20:29,28.6,88.0,124
5,Bilal Coulibaly,4.1,27:37,13.1,72.0,116
6,Delon Wright,10.1,21:36,5.6,156.0,115
7,Danilo Gallinari,7.6,18:52,10.8,158.0,122
8,Corey Kispert,-0.8,13:48,14.7,52.0,129
9,Landry Shamet,7.2,12:05,16.8,155.0,118
10,Johnny Davis,6.1,10:28,25.0,105.0,98
11,Eugene Omoruyi,2.8,7:53,40.6,81.0,121
12,Ryan Rollins,6.0,7:09,16.4,219.0,123
13,Anthony Gill,2.4,7:09,11.4,116.0,124
