,Starters,GmSc,MP,USG%,ORtg,DRtg
0,Shai Gilgeous-Alexander,2.9,28:19,28.2,64.0,134
1,Jalen Williams,13.4,27:46,15.3,146.0,136
2,Chet Holmgren,13.6,25:34,25.9,129.0,139
3,Josh Giddey,3.6,21:55,30.7,71.0,135
4,Luguentz Dort,7.9,20:43,18.0,126.0,133
5,Cason Wallace,9.4,21:56,6.1,229.0,131
6,Ousmane Dieng,2.4,19:14,19.7,67.0,134
7,Isaiah Joe,4.0,16:42,21.5,66.0,111
8,Aleksej Pokusevski,-1.5,14:17,12.2,26.0,135
9,Vasilije Micić,0.0,14:10,15.8,61.0,141
10,Aaron Wiggins,3.3,10:08,17.2,125.0,141
11,Tre Mann,10.4,8:14,46.0,132.0,132
12,Keyontae Johnson,-0.7,5:31,8.1,0.0,141
13,Olivier Sarr,0.0,5:31,0.0,0.0,141
