,Starters,GmSc,MP,USG%,ORtg,DRtg
0,Trae Young,17.6,32:02,26.2,125.0,112
1,Dejounte Murray,12.5,29:44,21.4,110.0,108
2,Jalen Johnson,11.7,25:42,18.7,116.0,100
3,De'Andre Hunter,13.2,24:16,20.6,121.0,98
4,Clint Capela,12.7,23:02,18.9,132.0,99
5,Saddiq Bey,12.9,30:59,15.8,134.0,112
6,Bogdan Bogdanović,16.5,26:19,19.0,146.0,109
7,Onyeka Okongwu,12.6,22:38,21.3,135.0,109
8,AJ Griffin,6.1,9:30,16.9,142.0,107
9,Bruno Fernando,-3.1,4:41,25.7,0.0,118
10,Trent Forrest,0.3,4:41,0.0,232.0,118
11,Kobe Bufkin,0.2,3:14,35.7,69.0,108
12,Mouhamed Gueye,-0.1,3:12,12.5,0.0,84
