,Starters,GmSc,MP,USG%,ORtg,DRtg
0,Kawhi Leonard,15.8,27:48,28.3,121.0,81
1,Paul George,19.0,27:48,27.4,121.0,70
2,Russell Westbrook,15.3,26:40,25.3,121.0,79
3,Robert Covington,4.0,26:29,1.6,143.0,83
4,Ivica Zubac,14.0,22:29,19.5,154.0,82
5,Bones Hyland,9.2,21:20,34.8,96.0,83
6,Mason Plumlee,6.0,20:41,6.0,163.0,87
7,Norman Powell,11.2,19:06,25.7,120.0,74
8,KJ Martin,6.9,17:47,20.6,104.0,79
9,Nicolas Batum,-1.9,14:42,14.0,16.0,81
10,Amir Coffey,0.0,5:30,7.5,52.0,88
11,Kobe Brown,4.5,4:50,17.1,167.0,51
12,Moussa Diabaté,1.1,4:50,8.5,111.0,92
