,Starters,GmSc,MP,USG%,ORtg,DRtg
0,Grayson Allen,13.9,30:39,20.1,118,105
1,Kevin Durant,26.9,29:25,25.5,162,107
2,Eric Gordon,18.8,25:45,24.1,149,111
3,Josh Okogie,4.1,23:15,10.1,138,116
4,Jusuf Nurkić,11.4,22:48,24.6,110,97
5,Jordan Goodwin,10.5,24:58,24.2,115,109
6,Nassir Little,2.1,20:39,17.2,75,111
7,Yuta Watanabe,6.4,20:32,17.0,102,99
8,Drew Eubanks,13.4,19:10,16.2,179,107
9,Udoka Azubuike,2.6,6:02,7.3,200,97
10,Keita Bates-Diop,2.0,6:02,14.7,118,111
11,Saben Lee,3.1,4:05,21.7,134,107
12,Bol Bol,-1.0,4:05,21.7,0,96
13,Chimezie Metu,2.0,2:35,34.3,120,102
