,Starters,GmSc,MP,USG%,ORtg,DRtg
0,Harrison Barnes,28.0,33:26,23.2,168,114
1,De'Aaron Fox,11.0,32:57,28.3,100,114
2,Domantas Sabonis,22.3,32:08,24.6,131,109
3,Keegan Murray,12.6,29:41,17.8,127,108
4,Kevin Huerter,3.4,23:34,16.7,96,117
5,Malik Monk,7.7,23:08,23.8,103,117
6,Sasha Vezenkov,7.6,15:37,15.1,140,106
7,Chris Duarte,7.2,14:44,13.4,182,119
8,Davion Mitchell,-0.6,13:49,11.4,61,113
9,JaVale McGee,8.5,13:27,11.7,204,117
10,Alex Len,0.0,2:25,0.0,0,123
11,Kessler Edwards,-0.7,1:16,31.1,0,123
12,Keon Ellis,0.0,1:16,0.0,0,123
13,Jordan Ford,-0.7,1:16,31.1,0,123
14,Colby Jones,0.3,1:16,0.0,0,90
