,Starters,GmSc,MP,USG%,ORtg,DRtg
0,Lauri Markkanen,12.2,34:43,28.7,107.0,132
1,Jordan Clarkson,6.0,31:58,18.0,98.0,137
2,John Collins,8.9,28:33,19.9,110.0,127
3,Talen Horton-Tucker,8.2,24:24,37.2,87.0,124
4,Walker Kessler,6.4,21:51,5.7,146.0,126
5,Keyonte George,3.6,27:14,15.0,94.0,137
6,Collin Sexton,4.0,18:59,23.4,83.0,131
7,Kelly Olynyk,-3.7,17:50,13.9,27.0,134
8,Ochai Agbaji,7.0,17:20,12.9,158.0,137
9,Simone Fontecchio,3.3,9:32,17.3,108.0,132
10,Luka Šamanić,2.6,3:47,26.6,136.0,123
11,Omer Yurtseven,-0.4,3:47,10.9,58.0,137
