,Starters,GmSc,MP,USG%,ORtg,DRtg
0,Zach LaVine,33.2,37:26,48.1,126,133
1,Nikola Vučević,5.2,32:21,17.1,104,134
2,DeMar DeRozan,17.3,31:49,23.9,133,132
3,Coby White,-2.9,27:55,8.0,13,136
4,Patrick Williams,-1.3,21:19,8.3,31,129
5,Torrey Craig,0.7,22:52,13.6,72,134
6,Alex Caruso,9.6,20:34,4.3,165,107
7,Ayo Dosunmu,4.7,14:59,20.8,109,137
8,Andre Drummond,6.0,14:28,18.4,82,106
9,Jevon Carter,-0.1,12:44,20.9,68,140
10,Dalen Terry,2.7,1:11,37.5,300,140
11,Julian Phillips,0.0,1:11,0.0,0,140
12,Terry Taylor,0.0,1:11,0.0,0,140
