,Starters,GmSc,MP,USG%,ORtg,DRtg
0,Scoot Henderson,4.6,35:50,17.6,88.0,133
1,Jerami Grant,5.9,29:57,22.9,91.0,133
2,Anfernee Simons,15.6,27:22,23.5,140.0,126
3,Deandre Ayton,6.2,23:05,12.4,80.0,103
4,Matisse Thybulle,4.7,20:05,18.3,100.0,130
5,Shaedon Sharpe,11.5,28:29,20.7,127.0,129
6,Robert Williams,9.7,23:13,16.6,108.0,110
7,Malcolm Brogdon,15.1,22:39,31.5,133.0,132
8,Toumani Camara,5.1,15:51,15.2,137.0,127
9,Jabari Walker,3.0,6:21,40.7,97.0,135
10,Kris Murray,0.3,5:18,0.0,0.0,128
11,Rayan Rupert,0.0,1:50,0.0,0.0,135
