,Starters,GmSc,MP,USG%,ORtg,DRtg
0,Lauri Markkanen,15.6,31:36,23.9,121,120
1,John Collins,15.4,30:56,15.5,149,124
2,Jordan Clarkson,17.8,30:44,28.3,132,134
3,Walker Kessler,8.6,22:10,11.0,143,127
4,Talen Horton-Tucker,5.3,21:48,18.6,106,132
5,Collin Sexton,-0.6,19:58,30.6,69,131
6,Ochai Agbaji,1.7,19:27,12.5,97,131
7,Keyonte George,6.7,18:53,13.8,134,132
8,Kelly Olynyk,8.3,16:39,10.8,149,123
9,Kris Dunn,3.9,15:44,30.2,75,120
10,Simone Fontecchio,2.4,2:25,33.5,143,136
11,Luka Šamanić,1.0,2:25,33.5,105,136
12,Taylor Hendricks,0.9,2:25,14.7,122,122
13,Brice Sensabaugh,-0.4,2:25,33.5,38,122
14,Omer Yurtseven,0.3,2:25,0.0,0,122
