,Starters,GmSc,MP,USG%,ORtg,DRtg
0,Aaron Gordon,16.7,34:41,20.4,122.0,101
1,Nikola Jokić,33.9,33:21,28.7,161.0,97
2,Michael Porter Jr.,21.4,30:49,29.9,132.0,103
3,Kentavious Caldwell-Pope,7.0,29:45,13.8,115.0,112
4,Jamal Murray,0.9,9:30,14.4,71.0,111
5,Reggie Jackson,13.1,25:18,21.4,135.0,112
6,Peyton Watson,1.5,18:23,12.4,63.0,101
7,Christian Braun,10.9,17:59,22.5,139.0,104
8,DeAndre Jordan,0.2,12:15,7.0,103.0,115
9,Collin Gillespie,4.3,11:44,15.6,144.0,113
10,Julian Strawther,3.0,9:08,10.0,161.0,113
11,Zeke Nnaji,0.5,2:23,16.8,123.0,104
12,Jalen Pickett,2.7,2:21,19.4,300.0,116
13,Hunter Tyson,-0.8,2:21,19.4,0.0,104
