,Starters,GmSc,MP,USG%,ORtg,DRtg
0,Scottie Barnes,22.6,35:02,24.2,143,118
1,Pascal Siakam,5.8,33:09,17.7,98,122
2,OG Anunoby,9.6,32:45,20.7,98,119
3,Dennis Schröder,13.4,31:25,21.0,113,117
4,Jakob Poeltl,5.8,27:47,20.2,82,113
5,Gary Trent Jr.,1.5,23:08,24.9,62,112
6,Malachi Flynn,5.5,16:34,16.3,104,107
7,Gradey Dick,-2.1,13:35,10.0,21,124
8,Chris Boucher,4.5,12:47,20.8,115,115
9,Jalen McDaniels,4.0,9:00,15.0,148,120
10,Garrett Temple,1.7,2:23,18.9,200,124
11,Thaddeus Young,0.2,2:23,16.7,55,108
