,Starters,GmSc,MP,USG%,ORtg,DRtg
0,Paolo Banchero,12.8,27:54,15.4,148,93
1,Franz Wagner,14.0,27:03,27.8,130,96
2,Wendell Carter Jr.,6.1,26:55,19.0,95,89
3,Markelle Fultz,11.5,24:31,17.4,127,86
4,Jalen Suggs,1.6,20:51,24.6,93,98
5,Cole Anthony,18.2,24:05,23.6,170,94
6,Joe Ingles,0.4,18:14,9.4,71,95
7,Gary Harris,10.8,16:57,20.1,160,94
8,Moritz Wagner,-1.4,15:21,13.6,43,89
9,Jonathan Isaac,8.2,14:09,28.1,120,85
10,Goga Bitadze,6.9,4:48,42.3,144,67
11,Anthony Black,6.5,4:48,21.7,212,69
12,Caleb Houstan,2.3,4:48,17.8,169,97
13,Jett Howard,0.0,4:48,8.9,68,101
14,Chuma Okeke,0.2,4:48,8.9,0,87
