,Starters,GmSc,MP,USG%,ORtg,DRtg
0,Shaedon Sharpe,12.4,35:38,20.7,114.0,132
1,Jerami Grant,9.0,27:54,30.6,93.0,128
2,Scoot Henderson,-3.0,26:30,16.8,48.0,132
3,Deandre Ayton,9.7,20:37,14.6,118.0,111
4,Matisse Thybulle,-0.1,10:39,11.4,73.0,135
5,Toumani Camara,6.1,27:40,24.7,90.0,131
6,Malcolm Brogdon,13.2,25:51,29.5,109.0,126
7,Robert Williams,10.6,25:42,7.7,140.0,117
8,Jabari Walker,12.4,24:24,20.4,110.0,110
9,Kris Murray,-0.1,5:47,7.0,0.0,117
10,Skylar Mays,-1.7,4:39,26.1,16.0,135
11,Rayan Rupert,-0.7,4:39,8.7,0.0,135
