,Starters,GmSc,MP,USG%,ORtg,DRtg
0,Luka Dončić,21.9,38:16,41.7,106.0,131
1,Kyrie Irving,21.9,34:52,25.1,124.0,124
2,Grant Williams,11.1,32:51,16.0,125.0,130
3,Dereck Lively II,5.2,24:48,5.4,145.0,129
4,Derrick Jones Jr.,8.1,16:56,13.1,151.0,127
5,Josh Green,13.9,27:10,13.0,166.0,125
6,Tim Hardaway Jr.,4.7,26:45,18.0,93.0,131
7,Dwight Powell,3.9,16:30,15.8,126.0,140
8,Jaden Hardy,5.2,14:11,18.7,132.0,134
9,Seth Curry,0.9,5:18,8.3,65.0,110
10,Dante Exum,0.0,1:11,0.0,0.0,140
11,Olivier-Maxence Prosper,-0.7,1:11,37.4,0.0,140
