,Starters,GmSc,MP,USG%,ORtg,DRtg
0,Kristaps Porziņģis,9.7,27:08,17.4,133,102
1,Derrick White,14.7,26:50,18.1,158,103
2,Jayson Tatum,27.5,26:34,32.7,158,99
3,Jaylen Brown,8.3,25:28,28.5,104,101
4,Jrue Holiday,15.7,25:26,16.0,163,98
5,Payton Pritchard,17.5,26:15,16.1,180,103
6,Oshae Brissett,3.9,19:31,10.1,101,95
7,Sam Hauser,13.8,19:29,18.5,182,97
8,Al Horford,6.0,11:03,17.9,133,88
9,Svi Mykhailiuk,2.5,11:03,22.0,96,101
10,Dalano Banton,11.6,8:16,26.1,217,87
11,Lamar Stevens,4.0,6:56,23.4,154,104
12,Luke Kornet,2.7,6:01,6.7,214,102
