,Starters,GmSc,MP,USG%,ORtg,DRtg
0,Lauri Markkanen,17.1,27:35,18.1,159.0,95
1,John Collins,12.4,27:29,23.0,119.0,103
2,Jordan Clarkson,18.0,25:52,25.0,127.0,96
3,Talen Horton-Tucker,5.6,23:06,23.6,98.0,106
4,Walker Kessler,3.0,17:54,13.0,90.0,101
5,Kelly Olynyk,15.4,25:55,17.0,140.0,102
6,Keyonte George,6.1,23:26,19.0,92.0,105
7,Collin Sexton,22.3,22:25,24.1,174.0,110
8,Ochai Agbaji,2.5,17:58,16.8,80.0,107
9,Kris Dunn,5.2,13:06,8.9,203.0,110
10,Simone Fontecchio,1.9,8:21,29.1,91.0,108
11,Omer Yurtseven,1.4,6:53,22.8,104.0,101
