,Starters,GmSc,MP,USG%,ORtg,DRtg
0,Kyle Kuzma,9.4,31:03,35.5,89.0,126
1,Jordan Poole,17.3,28:25,25.6,119.0,111
2,Tyus Jones,6.4,24:10,12.8,117.0,126
3,Deni Avdija,11.3,23:46,20.3,124.0,125
4,Daniel Gafford,3.3,19:39,9.7,106.0,117
5,Bilal Coulibaly,7.9,26:17,11.6,128.0,126
6,Delon Wright,-1.1,17:14,12.8,28.0,119
7,Landry Shamet,0.3,14:03,6.3,61.0,126
8,Johnny Davis,10.8,13:06,16.9,220.0,118
9,Mike Muscala,1.9,12:22,21.5,84.0,126
10,Danilo Gallinari,5.3,9:23,32.4,108.0,124
11,Ryan Rollins,6.6,7:20,32.1,142.0,115
12,Anthony Gill,5.0,6:36,32.7,125.0,114
13,Eugene Omoruyi,4.4,6:36,20.1,139.0,111
