,Starters,GmSc,MP,USG%,ORtg,DRtg
0,Tobias Harris,20.2,37:44,19.0,137.0,101
1,Tyrese Maxey,22.4,34:43,24.6,142.0,101
2,De'Anthony Melton,13.7,30:33,15.5,136.0,102
3,Joel Embiid,36.6,29:25,43.1,133.0,82
4,P.J. Tucker,4.2,19:34,6.4,84.0,93
5,Kelly Oubre Jr.,8.8,25:45,22.2,103.0,98
6,Patrick Beverley,6.0,20:26,8.2,121.0,97
7,Paul Reed,0.4,17:03,14.7,59.0,100
8,Danuel House Jr.,3.4,10:16,12.2,106.0,97
9,Jaden Springer,0.8,7:36,22.0,90.0,100
10,Furkan Korkmaz,3.3,2:41,29.3,165.0,111
11,Filip Petrušev,0.3,2:41,0.0,0.0,97
12,Mo Bamba,0.7,1:32,0.0,0.0,80
