,Starters,GmSc,MP,USG%,ORtg,DRtg
0,Keegan Murray,0.7,33:06,16.8,63.0,120
1,Harrison Barnes,9.8,31:57,13.4,139.0,119
2,Domantas Sabonis,9.9,30:42,25.4,79.0,102
3,Davion Mitchell,6.2,26:27,14.0,105.0,116
4,Kevin Huerter,1.4,15:50,26.4,67.0,110
5,Chris Duarte,7.0,25:58,15.9,115.0,112
6,Malik Monk,16.0,25:42,28.5,126.0,116
7,Colby Jones,-1.2,18:07,25.6,52.0,119
8,JaVale McGee,10.3,14:40,31.3,125.0,114
9,Sasha Vezenkov,-0.6,10:46,8.6,0.0,101
10,Alex Len,0.3,2:37,0.0,0.0,111
11,Jordan Ford,2.0,1:22,29.9,250.0,122
12,Kessler Edwards,0.0,1:22,0.0,0.0,122
13,Keon Ellis,-0.1,1:22,34.0,0.0,35
