,Starters,GmSc,MP,USG%,ORtg,DRtg
0,Julius Randle,-2.1,33:42,29.3,51.0,97
1,Jalen Brunson,8.7,30:35,23.9,101.0,101
2,RJ Barrett,9.2,29:59,28.7,93.0,99
3,Mitchell Robinson,14.5,28:57,11.4,134.0,91
4,Quentin Grimes,2.4,26:30,14.1,69.0,94
5,Josh Hart,3.3,21:27,13.5,66.0,93
6,Donte DiVincenzo,2.4,19:40,18.9,70.0,89
7,Immanuel Quickley,3.1,19:04,25.8,90.0,100
8,Isaiah Hartenstein,4.9,14:32,7.9,157.0,101
9,Miles McBride,2.3,4:31,27.5,88.0,78
10,Jericho Sims,0.9,4:31,0.0,0.0,96
11,DaQuan Jeffries,4.7,3:16,25.4,250.0,99
12,Dylan Windler,3.0,3:16,12.7,284.0,99
