,Starters,GmSc,MP,USG%,ORtg,DRtg
0,Anthony Edwards,23.7,35:44,34.9,117,101
1,Karl-Anthony Towns,18.8,32:03,29.2,131,97
2,Rudy Gobert,11.5,28:30,19.1,118,98
3,Mike Conley,6.4,28:12,14.6,117,105
4,Jaden McDaniels,3.0,20:00,9.2,139,107
5,Kyle Anderson,16.5,26:57,11.7,192,104
6,Naz Reid,13.3,22:06,24.4,146,108
7,Nickeil Alexander-Walker,3.6,17:30,9.0,49,89
8,Shake Milton,7.9,15:11,17.4,160,101
9,Josh Minott,4.0,3:35,29.7,185,115
10,Troy Brown Jr.,2.3,3:35,12.8,200,87
11,Jordan McLaughlin,0.3,3:35,0.0,220,115
12,Daishen Nix,2.7,3:00,15.3,200,77
