,Starters,GmSc,MP,USG%,ORtg,DRtg
0,Jamal Murray,15.0,29:55,27.1,122.0,107
1,Nikola Jokić,24.9,29:52,32.1,137.0,99
2,Kentavious Caldwell-Pope,6.1,29:52,10.4,114.0,98
3,Michael Porter Jr.,16.5,24:39,27.4,144.0,102
4,Aaron Gordon,9.3,23:05,18.2,113.0,92
5,Reggie Jackson,6.3,22:00,10.2,129.0,98
6,Peyton Watson,16.1,21:36,22.9,159.0,97
7,Christian Braun,16.6,21:10,23.8,154.0,93
8,Zeke Nnaji,0.5,14:49,3.0,114.0,105
9,Julian Strawther,6.7,7:34,29.7,162.0,105
10,Collin Gillespie,-0.1,5:31,8.2,0.0,88
11,Braxton Key,1.3,3:19,27.1,105.0,101
12,Justin Holiday,0.0,3:19,0.0,0.0,108
13,Hunter Tyson,-0.1,3:19,0.0,0.0,101
