,Starters,GmSc,MP,USG%,ORtg,DRtg
0,Jaylen Brown,29.3,31:32,32.1,147.0,99
1,Jayson Tatum,25.0,27:36,33.4,142.0,110
2,Jrue Holiday,12.7,26:42,13.1,144.0,104
3,Kristaps Porziņģis,13.3,23:52,18.1,137.0,106
4,Derrick White,10.3,23:36,8.3,145.0,105
5,Sam Hauser,5.0,25:08,17.2,100.0,108
6,Payton Pritchard,-3.1,25:03,18.8,44.0,105
7,Al Horford,8.7,15:31,22.8,123.0,101
8,Luke Kornet,-0.4,10:42,3.7,51.0,113
9,Oshae Brissett,-0.9,10:16,15.3,42.0,102
10,Dalano Banton,1.0,9:41,16.2,91.0,116
11,Lamar Stevens,2.4,5:31,35.6,76.0,116
12,Svi Mykhailiuk,3.7,4:50,16.3,174.0,95
