,Starters,GmSc,MP,USG%,ORtg,DRtg
0,Jalen Brunson,9.7,33:40,29.8,88.0,94
1,Julius Randle,15.2,31:23,26.7,118.0,94
2,RJ Barrett,8.0,24:50,27.4,111.0,103
3,Mitchell Robinson,10.1,22:19,9.7,161.0,94
4,Quentin Grimes,4.8,21:53,7.9,139.0,94
5,Josh Hart,4.0,27:59,10.8,95.0,96
6,Immanuel Quickley,12.0,23:56,27.7,121.0,102
7,Isaiah Hartenstein,12.9,22:51,23.3,127.0,89
8,Donte DiVincenzo,4.9,15:00,11.5,127.0,93
9,Miles McBride,1.6,4:09,20.8,149.0,106
10,DaQuan Jeffries,-1.1,4:09,10.4,0.0,106
11,Jericho Sims,0.7,2:50,15.3,99.0,107
12,Dylan Windler,-0.4,2:50,15.3,0.0,92
13,Ryan Arcidiacono,0.3,2:11,0.0,0.0,87
