,Starters,GmSc,MP,USG%,ORtg,DRtg
0,Paul George,22.8,31:38,28.5,128,110
1,Russell Westbrook,14.6,28:48,16.1,142,120
2,Kawhi Leonard,17.7,28:43,30.8,119,113
3,Ivica Zubac,21.0,25:36,23.3,146,106
4,Robert Covington,8.2,23:10,9.1,136,103
5,Norman Powell,4.2,22:54,16.3,99,119
6,Bones Hyland,10.2,21:45,26.9,129,124
7,Mason Plumlee,8.2,17:31,13.8,144,113
8,KJ Martin,-1.2,13:35,12.4,45,116
9,Nicolas Batum,3.3,9:08,0.0,234,95
10,Kobe Brown,-1.8,5:18,15.9,0,123
11,Moussa Diabaté,3.0,4:02,31.3,96,71
12,Amir Coffey,2.0,3:56,20.1,153,124
13,Jordan Miller,0.6,3:56,21.4,106,123
