,Starters,GmSc,MP,USG%,ORtg,DRtg
0,Obi Toppin,11.1,24:55,13.2,140.0,147
1,Myles Turner,5.5,21:44,24.9,74.0,143
2,Bruce Brown,0.4,20:52,13.7,53.0,149
3,Andrew Nembhard,4.4,20:02,39.2,75.0,153
4,Bennedict Mathurin,4.6,15:17,19.1,108.0,154
5,T.J. McConnell,17.7,27:58,22.2,130.0,147
6,Buddy Hield,6.5,23:40,15.8,98.0,148
7,Jordan Nwora,-1.2,21:29,22.2,55.0,155
8,Isaiah Jackson,7.3,18:45,15.3,101.0,140
9,Aaron Nesmith,3.7,18:36,21.1,100.0,156
10,Ben Sheppard,5.2,14:42,11.3,155.0,154
11,Jarace Walker,8.4,12:00,20.8,140.0,147
