,Starters,GmSc,MP,USG%,ORtg,DRtg
0,Pascal Siakam,23.0,32:54,22.3,157.0,120
1,Jakob Poeltl,14.6,29:08,17.5,133.0,111
2,Dennis Schröder,26.0,28:36,24.9,167.0,118
3,Scottie Barnes,21.1,28:35,28.8,133.0,110
4,OG Anunoby,13.2,24:57,16.8,150.0,118
5,Gary Trent Jr.,2.1,23:25,21.7,89.0,123
6,Gradey Dick,-1.3,21:15,20.0,67.0,124
7,Malachi Flynn,4.0,19:24,13.1,79.0,105
8,Otto Porter Jr.,5.9,15:37,10.9,180.0,118
9,Chris Boucher,6.4,13:28,15.4,157.0,109
10,Garrett Temple,2.0,2:41,13.9,250.0,125
