,Starters,GmSc,MP,USG%,ORtg,DRtg
0,Shai Gilgeous-Alexander,33.1,36:01,26.9,161.0,105
1,Luguentz Dort,7.4,32:35,14.0,86.0,99
2,Jalen Williams,12.5,31:48,21.2,122.0,109
3,Josh Giddey,12.0,31:47,24.5,110.0,110
4,Chet Holmgren,9.0,25:07,17.0,123.0,105
5,Isaiah Joe,11.1,21:37,24.9,123.0,104
6,Cason Wallace,11.3,19:02,14.4,186.0,109
7,Ousmane Dieng,6.3,14:15,19.3,131.0,113
8,Aaron Wiggins,-0.2,10:48,16.9,68.0,109
9,Olivier Sarr,3.1,10:30,12.5,148.0,105
10,Lindy Waters III,-0.7,2:42,16.9,0.0,116
11,Tre Mann,0.7,1:54,0.0,242.0,116
12,Aleksej Pokusevski,-0.1,1:54,24.1,0.0,78
