,Starters,GmSc,MP,USG%,ORtg,DRtg
0,Shai Gilgeous-Alexander,23.4,32:52,42.3,109.0,103
1,Jalen Williams,17.6,31:28,23.3,126.0,109
2,Josh Giddey,16.9,28:24,32.5,115.0,111
3,Luguentz Dort,6.2,26:00,11.7,101.0,108
4,Chet Holmgren,15.2,24:02,16.1,148.0,97
5,Cason Wallace,3.8,21:53,7.7,124.0,115
6,Olivier Sarr,6.3,21:10,3.6,156.0,101
7,Isaiah Joe,4.6,19:36,15.5,119.0,121
8,Ousmane Dieng,9.5,18:06,13.1,176.0,122
9,Dāvis Bertāns,4.9,12:51,11.2,190.0,119
10,Tre Mann,0.0,1:49,0.0,0.0,122
11,Aleksej Pokusevski,-3.2,1:49,71.9,0.0,119
