,Starters,GmSc,MP,USG%,ORtg,DRtg
0,Marcus Smart,7.5,28:00,23.1,80.0,118
1,Desmond Bane,10.4,27:05,31.6,96.0,129
2,Jaren Jackson Jr.,11.6,26:12,33.0,101.0,128
3,Ziaire Williams,6.5,19:09,13.8,119.0,125
4,Xavier Tillman Sr.,-1.9,13:51,13.9,34.0,125
5,David Roddy,6.3,23:35,14.6,104.0,130
6,Luke Kennard,1.5,20:52,16.6,57.0,124
7,Jacob Gilyard,8.1,20:00,3.8,192.0,126
8,Kenneth Lofton Jr.,9.0,19:09,24.0,108.0,119
9,John Konchar,8.3,17:31,13.1,141.0,129
10,Vince Williams Jr.,12.5,16:06,22.7,143.0,114
11,Jake LaRavia,2.0,8:30,18.1,99.0,135
