,Starters,GmSc,MP,USG%,ORtg,DRtg
0,D'Angelo Russell,6.7,36:11,19.2,91,125
1,Anthony Davis,11.3,34:09,26.6,100,122
2,Austin Reaves,13.1,31:20,22.4,113,121
3,Taurean Prince,16.5,29:53,14.5,175,128
4,LeBron James,20.3,29:00,24.8,141,122
5,Gabe Vincent,1.5,22:18,19.6,77,126
6,Cam Reddish,6.9,17:38,12.1,163,125
7,Christian Wood,5.2,15:28,16.6,118,127
8,Rui Hachimura,1.1,14:39,29.8,79,130
9,Jaxson Hayes,-0.1,6:54,0.0,0,128
10,Max Christie,0.0,1:15,0.0,0,131
11,Maxwell Lewis,0.0,1:15,0.0,0,131
