,Starters,GmSc,MP,USG%,ORtg,DRtg
0,Damian Lillard,12.3,30:36,21.1,124.0,142
1,Giannis Antetokounmpo,9.7,27:41,29.7,104.0,139
2,Malik Beasley,17.6,25:15,18.2,179.0,132
3,Khris Middleton,2.7,17:08,39.8,70.0,131
4,Brook Lopez,5.2,16:39,26.9,82.0,126
5,Jae Crowder,8.6,25:04,11.6,155.0,143
6,Pat Connaughton,1.5,22:38,7.9,87.0,141
7,Cameron Payne,0.8,19:06,14.4,74.0,140
8,Bobby Portis,8.9,18:42,26.9,105.0,121
9,MarJon Beauchamp,5.9,15:59,16.9,136.0,140
10,Andre Jackson Jr.,4.3,6:21,7.2,217.0,120
11,Chris Livingston,5.1,5:31,16.6,248.0,145
12,A.J. Green,2.3,5:31,8.3,210.0,137
13,Thanasis Antetokounmpo,-0.7,3:49,12.0,0.0,145
