,Starters,GmSc,MP,USG%,ORtg,DRtg
0,Jamal Murray,8.3,32:12,27.4,83.0,113
1,Nikola Jokić,14.2,29:58,40.1,90.0,114
2,Kentavious Caldwell-Pope,3.9,26:22,8.6,106.0,115
3,Michael Porter Jr.,2.8,25:04,19.0,62.0,111
4,Aaron Gordon,2.2,18:27,11.3,89.0,116
5,Christian Braun,7.8,20:10,18.6,105.0,110
6,Reggie Jackson,4.8,18:36,11.2,77.0,106
7,Zeke Nnaji,6.8,17:41,21.2,107.0,109
8,Julian Strawther,2.9,15:37,19.8,71.0,106
9,Peyton Watson,1.2,15:31,13.4,76.0,118
10,Justin Holiday,2.3,5:44,14.5,141.0,117
11,Jalen Pickett,1.2,5:13,15.9,100.0,111
12,Braxton Key,-0.1,5:13,15.9,62.0,121
13,Hunter Tyson,0.5,4:12,19.8,99.0,115
