,Starters,GmSc,MP,USG%,ORtg,DRtg
0,Anthony Edwards,13.6,33:22,24.8,117.0,102
1,Karl-Anthony Towns,8.4,31:00,20.8,91.0,91
2,Rudy Gobert,15.6,30:48,16.6,132.0,91
3,Mike Conley,15.5,28:52,16.1,154.0,98
4,Nickeil Alexander-Walker,1.4,22:47,22.4,59.0,89
5,Naz Reid,23.5,28:26,23.5,163.0,89
6,Kyle Anderson,12.8,22:57,17.9,139.0,92
7,Shake Milton,-1.1,17:27,17.1,48.0,103
8,Troy Brown Jr.,-1.5,14:30,12.8,16.0,92
9,Jordan McLaughlin,3.7,6:01,23.1,144.0,103
10,Leonard Miller,-0.4,1:55,24.2,0.0,90
11,Josh Minott,-0.7,1:55,48.4,0.0,69
