,Starters,GmSc,MP,USG%,ORtg,DRtg
0,Tyus Jones,14.8,28:20,19.9,119.0,130
1,Jordan Poole,9.2,26:19,36.0,84.0,130
2,Kyle Kuzma,18.4,24:52,32.5,125.0,132
3,Daniel Gafford,5.9,21:03,7.0,164.0,127
4,Deni Avdija,10.0,20:40,20.6,105.0,127
5,Delon Wright,12.6,25:19,13.0,125.0,121
6,Corey Kispert,6.5,24:27,20.6,98.0,135
7,Bilal Coulibaly,3.3,23:08,10.1,65.0,126
8,Danilo Gallinari,14.0,17:10,22.0,174.0,136
9,Mike Muscala,0.9,8:10,0.0,0.0,129
10,Eugene Omoruyi,3.4,7:46,20.1,109.0,135
11,Ryan Rollins,-0.9,6:00,31.8,34.0,127
12,Jared Butler,2.0,3:23,23.1,132.0,137
13,Patrick Baldwin Jr.,-0.7,3:23,11.6,0.0,137
