,Starters,GmSc,MP,USG%,ORtg,DRtg
0,Bilal Coulibaly,6.6,27:51,19.8,83.0,124
1,Tyus Jones,11.5,26:32,17.5,117.0,126
2,Kyle Kuzma,16.4,26:20,27.3,122.0,128
3,Jordan Poole,7.9,25:16,23.4,87.0,118
4,Deni Avdija,8.6,22:13,20.7,117.0,121
5,Corey Kispert,3.4,23:35,15.9,84.0,132
6,Danilo Gallinari,1.5,16:11,18.0,62.0,123
7,Johnny Davis,0.8,15:46,18.5,76.0,132
8,Eugene Omoruyi,17.5,12:00,23.8,210.0,113
9,Ryan Rollins,10.6,12:00,23.0,136.0,98
10,Delon Wright,1.2,11:30,10.6,74.0,128
11,Anthony Gill,3.4,9:44,20.7,123.0,127
12,Patrick Baldwin Jr.,0.0,5:31,7.7,55.0,135
13,Jared Butler,-1.7,5:31,23.0,20.0,135
