,Starters,GmSc,MP,USG%,ORtg,DRtg
0,Franz Wagner,8.3,32:21,21.3,92,115
1,Markelle Fultz,6.7,32:12,18.0,90,116
2,Paolo Banchero,10.1,32:03,26.2,85,106
3,Jalen Suggs,7.4,31:36,17.7,94,114
4,Wendell Carter Jr.,4.1,29:42,18.3,73,113
5,Gary Harris,8.5,17:45,15.3,142,114
6,Cole Anthony,5.3,17:31,23.7,108,119
7,Moritz Wagner,10.2,14:22,31.9,125,109
8,Joe Ingles,0.3,12:48,3.4,50,121
9,Caleb Houstan,3.3,3:56,59.5,106,123
10,Jett Howard,2.0,3:56,10.9,200,117
11,Chuma Okeke,1.4,3:56,21.9,96,123
12,Goga Bitadze,3.4,3:56,9.6,177,123
13,Anthony Black,0.3,3:56,0.0,218,122
