,Starters,GmSc,MP,USG%,ORtg,DRtg
0,Devin Vassell,7.9,27:49,19.2,99.0,122
1,Victor Wembanyama,4.0,26:16,28.8,67.0,117
2,Zach Collins,2.1,24:50,27.6,66.0,122
3,Keldon Johnson,0.7,24:18,17.4,59.0,117
4,Jeremy Sochan,-0.8,22:29,11.4,39.0,117
5,Malaki Branham,2.1,21:02,29.4,67.0,120
6,Tre Jones,1.8,20:02,19.0,72.0,118
7,Cedi Osman,11.0,16:41,20.2,145.0,115
8,Charles Bassey,7.9,16:15,10.5,153.0,110
9,Doug McDermott,6.1,14:43,17.5,131.0,121
10,Julian Champagnie,0.9,6:55,31.0,55.0,111
11,Blake Wesley,0.3,6:55,17.8,52.0,118
12,Sandro Mamukelashvili,0.6,6:55,6.2,45.0,108
13,Dominick Barlow,0.0,4:50,0.0,0.0,127
