,Starters,GmSc,MP,USG%,ORtg,DRtg
0,Stephen Curry,35.4,30:02,37.2,157,101
1,Kevon Looney,8.5,24:34,11.1,140,102
2,Draymond Green,7.6,21:34,16.6,122,103
3,Moses Moody,13.9,20:51,16.1,186,112
4,Andrew Wiggins,1.7,20:27,23.1,80,110
5,Chris Paul,14.7,25:13,17.3,145,97
6,Brandin Podziemski,2.5,22:48,13.7,89,102
7,Dario Šarić,7.4,20:35,15.2,131,101
8,Gary Payton II,7.4,20:09,19.7,136,101
9,Trayce Jackson-Davis,13.8,19:50,25.6,128,99
10,Lester Quiñones,2.7,4:39,34.2,107,114
11,Cory Joseph,-0.5,4:39,8.5,80,103
12,Jerome Robinson,-0.4,4:39,17.1,45,107
