,Starters,GmSc,MP,USG%,ORtg,DRtg
0,Tobias Harris,19.5,40:01,20.4,123.0,99
1,Tyrese Maxey,13.3,40:01,19.2,115.0,106
2,Joel Embiid,22.1,34:45,37.4,114.0,104
3,Kelly Oubre Jr.,19.2,29:53,19.7,169.0,106
4,De'Anthony Melton,3.2,21:20,15.2,87.0,100
5,Patrick Beverley,1.1,28:05,11.7,57.0,100
6,Furkan Korkmaz,9.0,21:33,16.1,120.0,96
7,Paul Reed,6.0,12:00,17.1,131.0,102
8,Jaden Springer,-0.4,8:37,9.5,52.0,109
9,Mo Bamba,-0.8,1:15,32.8,0.0,66
10,Robert Covington,0.0,1:15,0.0,0.0,112
11,KJ Martin,-0.4,1:15,0.0,0.0,109
