,Starters,GmSc,MP,USG%,ORtg,DRtg
0,Fred VanVleet,8.7,33:32,22.0,94.0,128
1,Jalen Green,0.6,29:49,26.4,61.0,126
2,Alperen Sengun,12.7,28:28,22.3,121.0,122
3,Jabari Smith Jr.,1.7,26:10,19.2,73.0,121
4,Dillon Brooks,11.1,26:08,15.9,136.0,121
5,Amen Thompson,0.3,21:20,32.2,62.0,124
6,Jae'Sean Tate,6.3,15:08,6.1,250.0,116
7,Jeff Green,2.6,13:52,18.1,98.0,133
8,Reggie Bullock,4.3,11:14,4.1,300.0,115
9,Cam Whitmore,-3.5,9:39,23.9,0.0,128
10,Jock Landale,2.0,8:37,16.1,113.0,133
11,Jermaine Samuels,-0.4,6:27,0.0,0.0,133
12,Jeenathan Williams,2.7,4:48,28.8,121.0,133
13,Aaron Holiday,-2.1,4:48,28.8,0.0,133
