,Starters,GmSc,MP,USG%,ORtg,DRtg
0,Malik Beasley,12.3,31:38,20.3,116.0,122
1,Giannis Antetokounmpo,25.0,29:28,29.6,136.0,119
2,Damian Lillard,-1.3,29:02,25.3,56.0,122
3,Jae Crowder,2.9,25:57,6.3,96.0,127
4,Brook Lopez,10.3,20:25,22.8,126.0,124
5,Pat Connaughton,2.8,23:19,17.5,73.0,120
6,Bobby Portis,6.2,21:01,26.9,97.0,128
7,MarJon Beauchamp,4.2,16:08,15.2,127.0,132
8,Cameron Payne,3.1,14:24,11.3,138.0,130
9,Thanasis Antetokounmpo,0.3,7:33,21.6,65.0,118
10,Andre Jackson Jr.,0.8,6:37,12.3,55.0,101
11,A.J. Green,6.7,5:37,17.7,279.0,127
12,Robin Lopez,1.7,5:37,13.6,124.0,133
13,TyTy Washington Jr.,1.0,3:14,37.8,80.0,133
