,Starters,GmSc,MP,USG%,ORtg,DRtg
0,Jordan Clarkson,10.8,37:01,32.3,91.0,114
1,John Collins,16.3,33:14,16.5,141.0,111
2,Lauri Markkanen,13.5,33:09,25.1,102.0,108
3,Talen Horton-Tucker,14.6,31:06,20.5,115.0,104
4,Walker Kessler,7.2,25:10,11.1,88.0,100
5,Kelly Olynyk,4.1,18:37,12.8,92.0,100
6,Collin Sexton,3.8,16:53,29.8,91.0,119
7,Keyonte George,4.5,16:43,14.8,110.0,116
8,Omer Yurtseven,6.6,8:00,14.9,231.0,112
9,Ochai Agbaji,0.9,7:49,10.2,124.0,118
10,Simone Fontecchio,-0.1,6:48,5.9,0.0,111
11,Kris Dunn,3.7,5:30,14.5,150.0,110
