,Starters,GmSc,MP,USG%,ORtg,DRtg
0,Brandon Ingram,17.5,31:54,33.4,109,89
1,CJ McCollum,13.1,29:38,20.8,103,80
2,Zion Williamson,20.4,28:05,28.6,131,89
3,Herbert Jones,7.8,27:32,11.4,132,91
4,Jonas Valančiūnas,-0.1,20:59,25.4,64,91
5,Matt Ryan,1.3,25:43,13.9,56,88
6,Dyson Daniels,-1.6,21:46,20.1,37,86
7,Jordan Hawkins,6.2,17:46,20.2,106,90
8,Larry Nance Jr.,1.4,16:15,2.8,62,83
9,Kira Lewis Jr.,0.2,10:10,17.6,50,91
10,Cody Zeller,-0.4,7:44,5.8,0,94
11,E.J. Liddell,-0.1,2:28,18.2,0,63
