,Starters,GmSc,MP,USG%,ORtg,DRtg
0,Nikola Jokić,29.3,36:16,31.8,133.0,109
1,Kentavious Caldwell-Pope,15.2,36:15,19.6,122.0,111
2,Aaron Gordon,19.2,34:59,14.1,155.0,110
3,Jamal Murray,18.4,34:15,19.4,150.0,119
4,Michael Porter Jr.,12.3,30:08,19.3,111.0,104
5,Reggie Jackson,4.2,24:04,18.6,82.0,114
6,Christian Braun,3.9,19:20,15.9,97.0,117
7,Zeke Nnaji,1.2,11:44,18.6,96.0,123
8,Peyton Watson,0.6,10:50,16.5,71.0,118
9,Jalen Pickett,1.7,0:43,62.4,200.0,123
10,Collin Gillespie,0.0,0:43,0.0,0.0,123
11,Braxton Key,0.0,0:43,0.0,0.0,123
