,Starters,GmSc,MP,USG%,ORtg,DRtg
0,Anthony Edwards,21.9,37:47,31.5,121.0,134
1,Karl-Anthony Towns,13.0,36:11,21.7,111.0,132
2,Rudy Gobert,17.7,30:41,17.4,149.0,126
3,Mike Conley,2.4,28:02,14.5,97.0,138
4,Jaden McDaniels,12.0,23:56,11.3,200.0,133
5,Kyle Anderson,6.1,24:47,12.7,97.0,125
6,Naz Reid,5.5,23:58,24.4,99.0,138
7,Shake Milton,5.6,16:33,24.5,112.0,137
8,Nickeil Alexander-Walker,0.5,13:21,16.5,80.0,138
9,Luka Garza,2.0,1:11,38.1,200.0,128
10,Josh Minott,1.7,1:11,38.1,200.0,138
11,Jordan McLaughlin,0.7,1:11,0.0,0.0,63
12,Daishen Nix,0.0,1:11,0.0,0.0,138
