,Starters,GmSc,MP,USG%,ORtg,DRtg
0,Desmond Bane,27.0,37:29,23.6,146.0,120
1,Marcus Smart,17.5,35:24,27.6,110.0,119
2,Jaren Jackson Jr.,24.7,33:55,31.3,130.0,123
3,Ziaire Williams,4.7,33:05,14.1,82.0,125
4,Xavier Tillman Sr.,2.5,28:52,22.6,55.0,117
5,David Roddy,7.8,28:59,13.0,117.0,126
6,John Konchar,3.5,19:12,4.4,168.0,128
7,Derrick Rose,-2.3,14:16,14.6,24.0,130
8,Jake LaRavia,-1.9,6:16,6.8,0.0,130
9,Jacob Gilyard,-0.7,0:38,67.2,0.0,131
10,GG Jackson II,0.0,0:38,0.0,0.0,131
11,Kenneth Lofton Jr.,0.0,0:38,0.0,0.0,131
12,Vince Williams Jr.,0.0,0:38,0.0,0.0,131
