,Starters,GmSc,MP,USG%,ORtg,DRtg
0,Lauri Markkanen,14.6,28:06,20.8,130,124
1,John Collins,11.6,28:02,14.9,135,131
2,Walker Kessler,-0.9,23:28,12.4,51,129
3,Jordan Clarkson,-2.6,21:40,29.7,57,134
4,Talen Horton-Tucker,-1.2,16:16,22.4,63,128
5,Keyonte George,11.3,27:02,22.9,109,127
6,Collin Sexton,12.8,23:03,22.9,135,134
7,Kris Dunn,2.8,19:59,16.7,75,122
8,Simone Fontecchio,9.0,18:21,22.7,115,129
9,Kelly Olynyk,10.0,15:37,17.2,153,130
10,Ochai Agbaji,0.0,6:22,6.5,0,124
11,Luka Šamanić,4.3,6:02,27.6,124,114
12,Omer Yurtseven,5.0,6:02,20.7,153,126
