,Starters,GmSc,MP,USG%,ORtg,DRtg
0,Dejounte Murray,35.2,39:22,34.1,141.0,117
1,Trae Young,17.7,35:00,33.6,112.0,123
2,Jalen Johnson,11.6,33:06,13.3,134.0,118
3,De'Andre Hunter,14.6,30:21,16.7,144.0,120
4,Clint Capela,3.8,22:34,10.1,73.0,107
5,Saddiq Bey,10.5,25:10,11.1,162.0,118
6,Onyeka Okongwu,13.7,24:15,9.2,224.0,122
7,Bogdan Bogdanović,4.9,20:27,25.1,90.0,120
8,AJ Griffin,3.4,6:12,7.5,275.0,128
9,Kobe Bufkin,-0.7,1:11,39.4,0.0,128
10,Bruno Fernando,0.0,1:11,0.0,0.0,128
11,Mouhamed Gueye,0.0,1:11,0.0,0.0,128
