,Starters,GmSc,MP,USG%,ORtg,DRtg
0,Mikal Bridges,13.3,37:47,23.1,109.0,124
1,Cam Thomas,19.1,37:22,28.9,114.0,123
2,Royce O'Neale,0.1,36:56,17.3,61.0,125
3,Dorian Finney-Smith,12.5,36:46,11.6,153.0,129
4,Spencer Dinwiddie,15.8,35:17,19.7,126.0,127
5,Lonnie Walker IV,10.0,17:17,24.4,131.0,127
6,Day'Ron Sharpe,9.0,16:48,24.2,130.0,125
7,Dennis Smith Jr.,3.5,14:30,17.7,89.0,113
8,Trendon Watford,1.6,5:03,0.0,240.0,120
9,Armoni Brooks,0.0,1:05,0.0,0.0,132
10,Jalen Wilson,0.0,1:05,0.0,0.0,132
