,Starters,GmSc,MP,USG%,ORtg,DRtg
0,DeMar DeRozan,11.7,33:46,23.6,109,135
1,Zach LaVine,6.0,30:38,24.5,81,130
2,Coby White,9.6,30:38,18.8,97,126
3,Nikola Vučević,12.1,29:44,30.0,102,133
4,Torrey Craig,9.3,27:23,10.5,132,129
5,Patrick Williams,7.3,28:02,15.6,92,127
6,Jevon Carter,10.6,17:44,26.4,127,138
7,Andre Drummond,8.8,15:05,11.5,153,116
8,Alex Caruso,0.5,14:16,17.1,69,129
9,Terry Taylor,1.7,3:11,14.1,200,138
10,Dalen Terry,0.8,3:11,40.5,80,128
11,Onuralp Bitim,0.0,3:11,0.0,0,138
12,Julian Phillips,0.0,3:11,0.0,0,138
